<?xml version="1.0" encoding="UTF-8"?>
<!DOCTYPE mapper
  PUBLIC "-//mybatis.org//DTD Mapper 3.0//EN"
  "http://mybatis.org/dtd/mybatis-3-mapper.dtd">
<mapper namespace="BasicDao">


<select id="ajaxbasicEntityList" parameterType="String" resultType="com.kis.rda.farm.domain.TbSenseEntityList">
	SELECT 
		cu_id as SENSECUID  ,
		node_id as SENSENODEID  ,
		DEV_TYPE as SENSEDEVTIPE ,
		min(DTIME) as TEMDATE1 ,
		max(DTIME) as TEMDATE2  ,
		count(*) as TEMC  ,
		ROUND(AVG(ACTION_VALUE),3) as TEMAVR  ,
		ROUND(STDDEV(ACTION_VALUE),3) as TEMS  ,
		min(ACTION_VALUE) as TEMMIN ,
		max(ACTION_VALUE) as TEMMAX  
	FROM 
		TURBOSOFT.SENSE 
	WHERE 
		DEV_TYPE = #{sensedevtipe}
	AND
		DTIME &gt; '17/10/12'
	GROUP BY 
		cu_id,node_id,DEV_TYPE 
	ORDER BY 
		node_id
</select>

<!-- 목장자료 - 기존 목장 COUNT -->
<select id="selectFarmCount" parameterType="Map" resultType="int">
	SELECT
		COUNT(farm_id)
	FROM
		RDA_TEST.FARM
	<if test="searchValue != null and searchValue != '' and searchValue != 'none'">
	WHERE
		<choose>
			<when test="searchOption =='fname'">
				fname LIKE '%'||#{searchValue}||'%'
			</when>
			<when test="searchOption =='name'">
				name LIKE '%'||#{searchValue}||'%'
			</when>
		</choose>
	</if>
</select>
<!-- 목장자료 - 기존 목장 LIST-->
<select id="selectFarmList" parameterType="Map" resultType="com.kis.rda.farm.domain.Farm">
	SELECT
		*
	FROM ( 
   			SELECT 
   				rownum as rnum, 
   				A.*
    		FROM (
        			SELECT
        				*
       				FROM 
       					RDA_TEST.FARM
   					<if test="searchValue != null and searchValue != '' and searchValue != 'none'">
					WHERE
						<choose>
							<when test="searchOption =='fname'">
								 fname LIKE '%'||#{searchValue}||'%'
							</when>
							<when test="searchOption =='name'">
								 name LIKE '%'||#{searchValue}||'%'
							</when>
						</choose>
					</if>
        			ORDER BY
        				inputdate DESC
      			) A
    		WHERE 
    			rownum &lt;= #{endRow}
 		) B
	WHERE
		B.rnum &gt;= #{beginRow}
</select>
<!-- 목장자료 - 기존 목장 EXCEL LIST -->
<select id="selectFarmExcel" resultType="com.kis.rda.farm.domain.Farm">
	SELECT
		*
	FROM 
		RDA_TEST.FARM 
	ORDER BY
		farm_id ASC
</select>
<!-- 목장 추가를 위한 ID값 SELECT -->
<select id="selectFarmNewId" resultType="int">
	SELECT 
		NVL(max(farm_id),0)+1
	FROM 
		RDA_TEST.FARM
</select>
<!-- 목장 추가 -->
<insert id="insertFarm" parameterType="com.kis.rda.farm.domain.Farm">
	INSERT INTO rda_test.farm (
		farm_id, 
		address, 
		fname, 
		phone1, 
		email, 
		kc, 
		mc, 
		calf, 
		hp1, 
		name, 
		phone2, 
		phone3, 
		hp2, 
		hp3
	) 
	VALUES(
		#{farmId},
		#{address},
		#{fname},
		#{phone1},
		#{email},
		#{kc},
		#{mc},
		#{calf},
		#{hp1},
		#{name},
		#{phone2},
		#{phone3},
		#{hp2},
		#{hp3}
	)	
</insert>
<!-- 목장자료 - 기존 목장 DETAIL -->
<select id="selectFarmDetail" parameterType="String" resultType="com.kis.rda.farm.domain.Farm">
	SELECT
		*
	FROM
		RDA_TEST.FARM
	WHERE
		farm_id = #{farmId}
</select>
<!-- 목장자료 - 기존 목장 UPDATE -->
<update id="updateFarm" parameterType="com.kis.rda.farm.domain.Farm">
	UPDATE rda_test.farm 
	SET
		fname = #{fname},
		address = #{address},
		phone1 = #{phone1},
		kc = #{kc},
		mc = #{mc},
		calf = #{calf},
		hp1 = #{hp1},
		name = #{name},
		phone2 = #{phone2},
		phone3 = #{phone3},
		hp2 = #{hp2},
		hp3 = #{hp3},
		updatedate = to_date(SYSDATE, 'YY-MM-DD HH24:MI:SS') 
	WHERE 
		farm_id = #{farmId}
</update>
<!-- 목장자료 - 기존 목장 DELETE -->
<delete id="deleteFarm" parameterType="String">
	DELETE FROM rda_test.farm 
	WHERE 
		farm_id = #{farmId}
</delete>

<!-- 목장자료 - 신규 목장 COUNT -->
<select id="selectNewFarmCount" parameterType="Map" resultType="int">
	SELECT
		COUNT(farm_id)
	FROM
		RDA_TEST.NEWFARM
	<if test="searchValue != null and searchValue != '' and searchValue != 'none'">
	WHERE
		<choose>
			<when test="searchOption =='fname'">
				farm_name LIKE '%'||#{searchValue}||'%'
			</when>
			<when test="searchOption =='name'">
				name LIKE '%'||#{searchValue}||'%'
			</when>
		</choose>
	</if>
</select>
<!-- 목장자료 - 신규 목장 LIST-->
<select id="selectNewFarmList" parameterType="Map" resultType="com.kis.rda.farm.domain.NewFarm">
	SELECT
		*
	FROM ( 
   			SELECT 
   				rownum as rnum, 
   				A.*
    		FROM (
        			SELECT
        				*
       				FROM 
       					RDA_TEST.NEWFARM
   					<if test="searchValue != null and searchValue != '' and searchValue != 'none'">
					WHERE
						<choose>
							<when test="searchOption =='fname'">
								 file_name LIKE '%'||#{searchValue}||'%'
							</when>
							<when test="searchOption =='name'">
								 name LIKE '%'||#{searchValue}||'%'
							</when>
						</choose>
					</if>
        			ORDER BY
        				inputdate DESC
      			) A
    		WHERE 
    			rownum &lt;= #{endRow}
 		) B
	WHERE
		B.rnum &gt;= #{beginRow}
</select>
<!-- 목장자료 - 기존 목장 EXCEL LIST -->
<select id="selectNewFarmExcel" resultType="com.kis.rda.farm.domain.NewFarm">
	SELECT
		*
	FROM 
		RDA_TEST.NEWFARM 
	ORDER BY
		farm_id ASC
</select>

<!-- 로그인(회원조회) -->
<select id="login" resultType="com.kis.rda.common.domain.User">
	SELECT
		*
	FROM
		RDA_TEST.RDA_USER
	WHERE
		user_name = #{userName}
</select>
</mapper>