<?xml version="1.0" encoding="UTF-8"?>
<!DOCTYPE mapper
  PUBLIC "-//mybatis.org//DTD Mapper 3.0//EN"
  "http://mybatis.org/dtd/mybatis-3-mapper.dtd">
<mapper namespace="BirDao"> 

 <resultMap id="BirListResultMap" type="com.kis.rda.common.domain.Bir">
   <result property="ENTITY_ID" column="ENTITY_ID"  javaType="java.lang.String" />								
   <result property="CHECK_DATE" column="CHECK_DATE"  javaType="java.lang.String" />								
   <result property="TEMPER" column="TEMPER"  javaType="java.lang.String" />								
   <result property="HEARTRATE" column="HEARTRATE"  javaType="java.lang.String" />								
   <result property="BREATHRATE" column="BREATHRATE"  javaType="java.lang.String" />								
   <result property="MEDICINE" column="MEDICINE"  javaType="java.lang.String" />								
   <result property="DIARRHEA" column="DIARRHEA"  javaType="java.lang.String" />								
   <result property="FECES_STATE" column="FECES_STATE"  javaType="java.lang.String" />								
   <result property="FECES_COLOR" column="FECES_COLOR"  javaType="java.lang.String" />								
   <result property="FECES_BLOOD" column="FECES_BLOOD"  javaType="java.lang.String" />								
   <result property="DEHYDRATION" column="DEHYDRATION"  javaType="java.lang.String" />								
   <result property="INPUTDATE" column="INPUTDATE"  javaType="java.lang.String" />								
   <result property="UPDATEDATE" column="UPDATEDATE"  javaType="java.lang.String" />								
		   <result property="SEQNO" column="SEQNO"  javaType="java.lang.String" />							
  </resultMap>

<select id="ajaxbirEntityListDetail" parameterType="com.kis.rda.common.domain.Bir" resultMap="BirListResultMap">
SELECT 
*
 FROM RDA_TEST.BIR  a 
 WHERE ENTITY_ID = #{ENTITY_ID}	

</select>
 <select id="birEntityUpdateSelectOne" parameterType="String"  resultMap="BirListResultMap">
	SELECT 
	*
	FROM 
		RDA_TEST.BIR  a WHERE   SEQNO=  #{entity_id}
</select>
 
 <update id="ajaxbirEntityUpdatetDo" parameterType="com.kis.rda.common.domain.Bir"  >				
UPDATE rda_test.BIR
			SET					
					
<if test="CHECK_DATE!= null">CHECK_DATE=#{CHECK_DATE},</if>					
<if test="TEMPER!= null">TEMPER=#{TEMPER},</if>					
<if test="HEARTRATE!= null">HEARTRATE=#{HEARTRATE},</if>					
<if test="BREATHRATE!= null">BREATHRATE=#{BREATHRATE},</if>					
<if test="MEDICINE!= null">MEDICINE=#{MEDICINE},</if>					
<if test="DIARRHEA!= null">DIARRHEA=#{DIARRHEA},</if>					
<if test="FECES_STATE!= null">FECES_STATE=#{FECES_STATE},</if>					
<if test="FECES_COLOR!= null">FECES_COLOR=#{FECES_COLOR},</if>					
<if test="FECES_BLOOD!= null">FECES_BLOOD=#{FECES_BLOOD},</if>					
<if test="DEHYDRATION!= null">DEHYDRATION=#{DEHYDRATION},</if>					
					
					
UPDATEDATE = to_date(SYSDATE, 'YY-MM-DD HH24:MI:SS') 			 		
WHERE 					
SEQNO=#{SEQNO}					
	
</update>				
 
 <insert id="ajaxbirEntityInsertDo" parameterType="com.kis.rda.common.domain.Bir">
 
 INSERT INTO rda_test.BIR(		
SEQNO,
	ENTITY_ID,	
	<if test="CHECK_DATE!= null">CHECK_DATE,</if>	
	<if test="TEMPER!= null">TEMPER,</if>	
	<if test="HEARTRATE!= null">HEARTRATE,</if>	
	<if test="BREATHRATE!= null">BREATHRATE,</if>	
	<if test="MEDICINE!= null">MEDICINE,</if>	
	<if test="DIARRHEA!= null">DIARRHEA,</if>	
	<if test="FECES_STATE!= null">FECES_STATE,</if>	
	<if test="FECES_COLOR!= null">FECES_COLOR,</if>	
	<if test="FECES_BLOOD!= null">FECES_BLOOD,</if>			
	<if test="DEHYDRATION!= null">DEHYDRATION,</if>
	
	INPUTDATE)	
	VALUES(	
	 rda_test.SEQ_BIR.nextval	,
	 #{ENTITY_ID},
<!--    (select (#{farm_id})|| CASE -->
<!--         WHEN LPAD((max(substr(entity_id,4,6))+1),3,'0') is null THEN '001'    -->
<!--         ELSE LPAD((max(substr(entity_id,4,6))+1),3,'0')                                                     -->
<!--     END  -->
<!-- 	from  -->
<!-- 	 rda_test.bir -->
<!--     where -->
<!--      substr(entity_id,0,3)=#{farm_id}), -->
	<if test="CHECK_DATE!= null">#{CHECK_DATE},</if>	
	<if test="TEMPER!= null">#{TEMPER},</if>	
	<if test="HEARTRATE!= null">#{HEARTRATE},</if>	
	<if test="BREATHRATE!= null">#{BREATHRATE},</if>	
	<if test="MEDICINE!= null">#{MEDICINE},</if>	
	<if test="DIARRHEA!= null">#{DIARRHEA},</if>	
	<if test="FECES_STATE!= null">#{FECES_STATE},</if>	
	<if test="FECES_COLOR!= null">#{FECES_COLOR},</if>	
	<if test="FECES_BLOOD!= null">#{FECES_BLOOD},</if>
<if test="DEHYDRATION!= null">#{DEHYDRATION},</if>

		 to_date(SYSDATE, 'YY-MM-DD HH24:MI:SS') 
	)	
 
 </insert>
 
  
 <delete id="ajaxbirEntityDeleteDo" parameterType="String">
	DELETE FROM rda_test.BIR 
	WHERE 
		SEQNO = #{seqno}
</delete>
 
  
</mapper>