<?xml version="1.0" encoding="UTF-8"?>
<!DOCTYPE mapper
  PUBLIC "-//mybatis.org//DTD Mapper 3.0//EN"
  "http://mybatis.org/dtd/mybatis-3-mapper.dtd">
<mapper namespace="EntityDao">
 <resultMap id="EntityListResultMap" type="com.kis.rda.farm.domain.EntityList">
 	<result property="rnum" column="rnum"  javaType="java.lang.String" />
	<result property="ENTITY_ID" column="ENTITY_ID"  javaType="java.lang.String" />
   <result property="BREEDING" column="BREEDING"  javaType="java.lang.String" />
   <result property="VARIETY" column="VARIETY"  javaType="java.lang.String" />
   <result property="GENDER" column="GENDER"  javaType="java.lang.String" />
   <result property="BIRTH" column="BIRTH"  javaType="java.lang.String" />
   <result property="BIRTH_WEIGHT" column="BIRTH_WEIGHT"  javaType="java.lang.String" />
   <result property="COLOSTRUM" column="COLOSTRUM"  javaType="java.lang.String" />
   <result property="VACCINE" column="VACCINE"  javaType="java.lang.String" />
   <result property="BIRTHNUMBER" column="BIRTHNUMBER"  javaType="java.lang.String" />
   <result property="BIRTH_CASE" column="BIRTH_CASE"  javaType="java.lang.String" />
   <result property="INPUTDATE" column="INPUTDATE"  javaType="java.lang.String" />
   <result property="UPDATEDATE" column="UPDATEDATE"  javaType="java.lang.String" />
   <result property="CASENUM" column="CASENUM"  javaType="java.lang.String" />
     </resultMap>


 

 
<!-- <select id="ajaxentityEntityList" parameterType="com.kis.rda.farm.domain.EntityList" resultMap="EntityListResultMap"> -->
<select id="ajaxentityEntityList" parameterType="String" resultMap="EntityListResultMap">
select  rownum as rnum, 
ENTITY_ID	,	   
BREEDING	,	   
VARIETY	,	   
GENDER	,	   
BIRTH	,	   
BIRTH_WEIGHT 	,	   
COLOSTRUM	,	   
VACCINE	,	   
BIRTH_NUMBER as  BIRTHNUMBER,	   
BIRTH_CASE	,	   
INPUTDATE	,	   
UPDATEDATE	,	   
substr(CASENUM,6,5)	 as CASENUM
  from
   RDA_TEST.ENTITY 
  WHERE 
  substr(entity_id,1,3) =#{farm_Id} order by entity_id

</select>




<!-- <select id="ajaxenvEntityList" parameterType="Map" resultMap="bbsDataResult"> -->
<!-- SELECT  rownum as rnum,a.FARM_ID -->
<!-- ,a.ENV_GATHERDATE -->
<!-- ,a.CLEAN -->
<!-- ,a.WTC -->
<!-- ,a.WSQ -->
<!-- ,a.FQ -->
<!-- ,a.INPUTDATE -->
<!-- ,a.UPDATEDATE -->
<!-- 	FROM RDA_TEST.ENVIRONMENT a	WHERE FARM_ID=  #{farmId} -->
<!-- </select> -->

<select id="entityEntityUpdateSelectOne" parameterType="String" resultType="String">
	SELECT 
	a. FNAME
	FROM 
		RDA_TEST.FARM a WHERE   FARM_ID=  #{farmId}
</select>

 
<insert id="ajaxentityEntityInsertDo" parameterType="com.kis.rda.farm.domain.EntityList">
INSERT INTO rda_test.ENTITY(		
SEQNO,
	ENTITY_ID,	
	<if test="BREEDING!= null">BREEDING,</if>	
	<if test="VARIETY!= null">VARIETY,</if>	
	<if test="GENDER!= null">GENDER,</if>	
	<if test="BIRTH!= null">BIRTH,</if>	
	<if test="BIRTH_WEIGHT!= null">BIRTH_WEIGHT,</if>	
	<if test="COLOSTRUM!= null">COLOSTRUM,</if>	
	<if test="VACCINE!= null">VACCINE,</if>	
	<if test="BIRTH_NUMBER!= null">BIRTH_NUMBER,</if>	
	<if test="BIRTH_CASE!= null">BIRTH_CASE,</if>			
	<if test="CASENUM!= null">CASENUM,</if>	
	INPUTDATE
	)	
	VALUES(	
		rda_test.SEQ_ENTITY.nextval	,
(select (#{farm_id})||(nvl(max(substr(entity_id,4,6)),0)+1 )from  rda_test.entity
where substr(entity_id,0,3)=#{farm_id}),	
	<if test="BREEDING!= null">#{BREEDING},</if>	
	<if test="VARIETY!= null">#{VARIETY},</if>	
	<if test="GENDER!= null">#{GENDER},</if>	
	<if test="BIRTH!= null">#{BIRTH},</if>	
	<if test="BIRTH_WEIGHT!= null">#{BIRTH_WEIGHT},</if>	
	<if test="COLOSTRUM!= null">#{COLOSTRUM},</if>	
	<if test="VACCINE!= null">#{VACCINE},</if>	
	<if test="BIRTH_NUMBER!= null">#{BIRTH_NUMBER},</if>	
	<if test="BIRTH_CASE!= null">#{BIRTH_CASE},</if>			
	<if test="CASENUM!= null">#{CASENUM},</if>			
		 to_date(SYSDATE, 'YY-MM-DD HH24:MI:SS') 
	)	
		
	
</insert>

<select id="ajaxenvEntitySelectOneBeforUpdate" parameterType="String" resultMap="EntityListResultMap">
	SELECT 
	*
	FROM 
		RDA_TEST.ENTITY  WHERE   entity_id=  #{entity_id}
</select>
<update id="ajaxentityEntityUpdatetDo" parameterType="com.kis.rda.farm.domain.EntityList"  >
UPDATE rda_test. ENTITY		
SET		
		
<if test="BREEDING!= null">BREEDING=#{BREEDING},</if>		
<if test="VARIETY!= null">VARIETY=#{VARIETY},</if>		
<if test="GENDER!= null">GENDER=#{GENDER},</if>		
<if test="BIRTH!= null">BIRTH=#{BIRTH},</if>		
<if test="BIRTH_WEIGHT!= null">BIRTH_WEIGHT=#{BIRTH_WEIGHT},</if>		
<if test="COLOSTRUM!= null">COLOSTRUM=#{COLOSTRUM},</if>		
<if test="VACCINE!= null">VACCINE=#{VACCINE},</if>		
<if test="BIRTH_NUMBER!= null">BIRTH_NUMBER=#{BIRTH_NUMBER},</if>		
<if test="BIRTH_CASE!= null">BIRTH_CASE=#{BIRTH_CASE},</if>		
<if test="INPUTDATE!= null">INPUTDATE=#{INPUTDATE},</if>		
<if test="UPDATEDATE!= null">UPDATEDATE=#{UPDATEDATE},</if>		
<if test="CASENUM!= null">CASENUM=#{CASENUM},</if>		
UPDATEDATE = to_date(SYSDATE, 'YY-MM-DD HH24:MI:SS') 		
WHERE 		
ENTITY_ID=#{ENTITY_ID}		

</update>

<delete id="ajaxentityEntityDeleteDo" parameterType="com.kis.rda.farm.domain.EntityList"  >
DELETE rda_test.ENTITY 
	 	WHERE 
		ENTITY_ID = #{ENTITY_ID}
</delete>






 
</mapper>