<?xml version="1.0" encoding="UTF-8"?>
<!DOCTYPE mapper
  PUBLIC "-//mybatis.org//DTD Mapper 3.0//EN"
  "http://mybatis.org/dtd/mybatis-3-mapper.dtd">
<mapper namespace="FarmDao">
<resultMap id="newfarmListResultMap" type="com.kis.rda.common.domain.Newfarm">
   <result property="FARM_ID" column="FARM_ID"  javaType="java.lang.String" />			
   <result property="FARM_NAME" column="FARM_NAME"  javaType="java.lang.String" />			
   <result property="ADDRESS" column="ADDRESS"  javaType="java.lang.String" />			
   <result property="HP1" column="HP1"  javaType="java.lang.String" />			
   <result property="HP2" column="HP2"  javaType="java.lang.String" />			
   <result property="HP3" column="HP3"  javaType="java.lang.String" />			
   <result property="PHONE1" column="PHONE1"  javaType="java.lang.String" />			
   <result property="PHONE2" column="PHONE2"  javaType="java.lang.String" />			
   <result property="PHONE3" column="PHONE3"  javaType="java.lang.String" />			
   <result property="EMAIL" column="EMAIL"  javaType="java.lang.String" />			
   <result property="NAME" column="NAME"  javaType="java.lang.String" />			
   <result property="MC" column="MC"  javaType="java.lang.String" />			
   <result property="CMONEY" column="CMONEY"  javaType="java.lang.String" />			
   <result property="CHC" column="CHC"  javaType="java.lang.String" />			
   <result property="CAREER" column="CAREER"  javaType="java.lang.String" />			
   <result property="DIARRHEA" column="DIARRHEA"  javaType="java.lang.String" />			
   <result property="DIARRHEADO" column="DIARRHEADO"  javaType="java.lang.String" />			
   <result property="CHCDIE" column="CHCDIE"  javaType="java.lang.String" />			
   <result property="CHCYN" column="CHCYN"  javaType="java.lang.String" />			
   <result property="KMKC" column="KMKC"  javaType="java.lang.String" />			
   <result property="KMPI" column="KMPI"  javaType="java.lang.String" />			
   <result property="KMMC" column="KMMC"  javaType="java.lang.String" />			
   <result property="KMETC" column="KMETC"  javaType="java.lang.String" />			
   <result property="YEAR" column="YEAR"  javaType="java.lang.String" />			
   <result property="DISINFECTANT" column="DISINFECTANT"  javaType="java.lang.String" />			
   <result property="TEMP" column="TEMP"  javaType="java.lang.String" />			
   <result property="HUMIDITY" column="HUMIDITY"  javaType="java.lang.String" />			
   <result property="ILLUMINANCE" column="ILLUMINANCE"  javaType="java.lang.String" />			
   <result property="WIND" column="WIND"  javaType="java.lang.String" />			
   <result property="JANITOR" column="JANITOR"  javaType="java.lang.String" />			
   <result property="VETERINARIAN" column="VETERINARIAN"  javaType="java.lang.String" />			
   <result property="INPUTDATE" column="INPUTDATE"  javaType="java.lang.String" />			
   <result property="UPDATEDATE" column="UPDATEDATE"  javaType="java.lang.String" />			
   <result property="CU_NUM" column="CU_NUM"  javaType="java.lang.String" />			
   <result property="SEQNO" column="SEQNO"  javaType="java.lang.String" />			
   <result property="ADDRESS1" column="ADDRESS1"  javaType="java.lang.String" />							
   <result property="ADDRESS2" column="ADDRESS2"  javaType="java.lang.String" />							
   <result property="ADDRESS3" column="ADDRESS3"  javaType="java.lang.String" />							

</resultMap>



<!-- 목장자료 - 기존 목장 COUNT -->
<select id="selectFarmCount" parameterType="Map" resultType="int">
	SELECT
		COUNT(farm_id)
	FROM
		RDA_TEST.FARM
	<if test="searchValue != null and searchValue != '' and searchValue != 'none'">
	WHERE
		<choose>
			<when test="searchOption =='fname'">
				fname LIKE '%'||#{searchValue}||'%'
			</when>
			<when test="searchOption =='name'">
				name LIKE '%'||#{searchValue}||'%'
			</when>
		</choose>
	</if>
</select>
<!-- 목장자료 - 기존 목장 LIST-->
<select id="selectFarmList" parameterType="Map" resultType="com.kis.rda.farm.domain.Farm">
		SELECT
		*
	FROM ( 
   			SELECT 
   				rownum as rnum, 
   				A.*
    		FROM (
        			SELECT
        				*
       				FROM 
       					RDA_TEST.FARM) A)
</select>

<!-- 목장자료 - 기존 목장 EXCEL LIST -->
<select id="selectFarmExcel" resultType="com.kis.rda.farm.domain.Farm">
	SELECT
		*
	FROM 
		RDA_TEST.FARM 
	ORDER BY
		farm_id ASC
</select>
<!-- 목장 추가를 위한 ID값 SELECT -->
<select id="selectFarmNewId" resultType="int">
	SELECT 
		NVL(max(farm_id),0)+1
	FROM 
		RDA_TEST.FARM
</select>
<!-- 목장 추가 -->
<insert id="insertFarm" parameterType="com.kis.rda.farm.domain.Farm">
	INSERT INTO rda_test.farm (
	SEQNO,	
		farm_id, 
		address, 
		fname, 
		phone1, 
		email, 
		kc, 
		mc, 
		calf, 
		hp1, 
		name, 
		phone2, 
		phone3, 
		hp2, 
		hp3
	) 
	VALUES(
	rda_test.SEQ_NEWFARM.nextval	,
		#{farmId},
		#{address},
		#{fname},
		#{phone1},
		#{email},
		#{kc},
		#{mc},
		#{calf},
		#{hp1},
		#{name},
		#{phone2},
		#{phone3},
		#{hp2},
		#{hp3}
	)	
</insert>
<!-- 목장자료 - 기존 목장 DETAIL -->
<select id="selectFarmDetail" parameterType="String" resultType="com.kis.rda.farm.domain.Farm">
	SELECT
		*
	FROM
		RDA_TEST.FARM
	WHERE
		farm_id = #{farmId}
</select>
<!-- 목장자료 - 기존 목장 UPDATE -->
<update id="updateFarm" parameterType="com.kis.rda.farm.domain.Farm">
	UPDATE rda_test.farm 
	SET
		fname = #{fname},
		address = #{address},
		phone1 = #{phone1},
		kc = #{kc},
		mc = #{mc},
		calf = #{calf},
		hp1 = #{hp1},
		name = #{name},
		phone2 = #{phone2},
		phone3 = #{phone3},
		hp2 = #{hp2},
		hp3 = #{hp3},
		updatedate = to_date(SYSDATE, 'YY-MM-DD HH24:MI:SS') 
	WHERE 
		farm_id = #{farmId}
</update>
<!-- 목장자료 - 기존 목장 DELETE -->
<delete id="deleteFarm" parameterType="String">
	DELETE FROM rda_test.farm 
	WHERE 
		farm_id = #{farmId}
</delete>







<!--  신규 목장 추가 -->
<insert id="ajaxnewfarmAdd" parameterType="com.kis.rda.common.domain.Newfarm">
 INSERT INTO rda_test.NEWFARM(		
	SEQNO,	
	FARM_ID,
	<if test="FARM_NAME!= null">FARM_NAME,</if>	
	<if test="ADDRESS!= null">ADDRESS,</if>	
	<if test="HP1!= null">HP1,</if>	
	<if test="HP2!= null">HP2,</if>	
	<if test="HP3!= null">HP3,</if>	
	<if test="PHONE1!= null">PHONE1,</if>	
	<if test="PHONE2!= null">PHONE2,</if>	
	<if test="PHONE3!= null">PHONE3,</if>	
	<if test="EMAIL!= null">EMAIL,</if>	
	<if test="NAME!= null">NAME,</if>	
	<if test="MC!= null">MC,</if>	
	<if test="CMONEY!= null">CMONEY,</if>	
	<if test="CHC!= null">CHC,</if>	
	<if test="CAREER!= null">CAREER,</if>	
	<if test="DIARRHEA!= null">DIARRHEA,</if>	
	<if test="DIARRHEADO!= null">DIARRHEADO,</if>	
	<if test="CHCDIE!= null">CHCDIE,</if>	
	<if test="CHCYN!= null">CHCYN,</if>	
	<if test="KMKC!= null">KMKC,</if>	
	<if test="KMPI!= null">KMPI,</if>	
	<if test="KMMC!= null">KMMC,</if>	
	<if test="KMETC!= null">KMETC,</if>	
	<if test="YEAR!= null">YEAR,</if>	
	<if test="DISINFECTANT!= null">DISINFECTANT,</if>	
	<if test="TEMP!= null">TEMP,</if>	
	<if test="HUMIDITY!= null">HUMIDITY,</if>	
	<if test="ILLUMINANCE!= null">ILLUMINANCE,</if>	
	<if test="WIND!= null">WIND,</if>	
	<if test="JANITOR!= null">JANITOR,</if>	
	<if test="VETERINARIAN!= null">VETERINARIAN,</if>	
	<if test="CU_NUM!= null">CU_NUM,</if>		
	<if test="ADDRESS1!= null">ADDRESS1,</if>
<if test="ADDRESS2!= null">ADDRESS2,</if>
<if test="ADDRESS3!= null">ADDRESS3,</if>		
	 INPUTDATE	
	)	
	VALUES(	
		
	rda_test.SEQ_NEWFARM.nextval	,
		(SELECT 	     
					    CASE
					        WHEN LENGTH(max(FARM_ID)+1)=1   THEN '000'|| (max(FARM_ID)+1)  
					         WHEN LENGTH(max(FARM_ID)+1)=2   THEN '00'|| (max(FARM_ID)+1)  
					           WHEN LENGTH(max(FARM_ID)+1)=3   THEN '0'|| (max(FARM_ID)+1)
					             WHEN LENGTH(max(FARM_ID)+1)=4   THEN ''|| (max(FARM_ID)+1)                                               
					    END 
					 FROM 
		RDA_TEST.NEWFARM),
	<if test="FARM_NAME!= null">#{FARM_NAME},</if>	
	<if test="ADDRESS!= null">#{ADDRESS},</if>	
	<if test="HP1!= null">#{HP1},</if>	
	<if test="HP2!= null">#{HP2},</if>	
	<if test="HP3!= null">#{HP3},</if>	
	<if test="PHONE1!= null">#{PHONE1},</if>	
	<if test="PHONE2!= null">#{PHONE2},</if>	
	<if test="PHONE3!= null">#{PHONE3},</if>	
	<if test="EMAIL!= null">#{EMAIL},</if>	
	<if test="NAME!= null">#{NAME},</if>	
	<if test="MC!= null">#{MC},</if>	
	<if test="CMONEY!= null">#{CMONEY},</if>	
	<if test="CHC!= null">#{CHC},</if>	
	<if test="CAREER!= null">#{CAREER},</if>	
	<if test="DIARRHEA!= null">#{DIARRHEA},</if>	
	<if test="DIARRHEADO!= null">#{DIARRHEADO},</if>	
	<if test="CHCDIE!= null">#{CHCDIE},</if>	
	<if test="CHCYN!= null">#{CHCYN},</if>	
	<if test="KMKC!= null">#{KMKC},</if>	
	<if test="KMPI!= null">#{KMPI},</if>	
	<if test="KMMC!= null">#{KMMC},</if>	
	<if test="KMETC!= null">#{KMETC},</if>	
	<if test="YEAR!= null">#{YEAR},</if>	
	<if test="DISINFECTANT!= null">#{DISINFECTANT},</if>	
	<if test="TEMP!= null">#{TEMP},</if>	
	<if test="HUMIDITY!= null">#{HUMIDITY},</if>	
	<if test="ILLUMINANCE!= null">#{ILLUMINANCE},</if>	
	<if test="WIND!= null">#{WIND},</if>	
	<if test="JANITOR!= null">#{JANITOR},</if>	
	<if test="VETERINARIAN!= null">#{VETERINARIAN},</if>
	<if test="CU_NUM!= null">#{CU_NUM},</if>		
	<if test="ADDRESS1!= null">#{ADDRESS1},</if>
<if test="ADDRESS2!= null">#{ADDRESS2},</if>
<if test="ADDRESS3!= null">#{ADDRESS3},</if>
	
		 to_date(SYSDATE, 'YY-MM-DD HH24:MI:SS') 
	)	
 
</insert>
<!-- 목장자료 - 기존 목장 DETAIL -->
<select id="selectnewFarmDetailServ" parameterType="String" resultMap="newfarmListResultMap">
	SELECT
		*
	FROM
		RDA_TEST.Newfarm
	WHERE
		farm_id = #{farmId}
</select>
<!-- 목장자료 - 기존 목장 UPDATE -->
<update id="ajaxnewfarmUpdateCtrl" parameterType="com.kis.rda.common.domain.Newfarm">
	 UPDATE rda_test. NEWFARM
SET


<if test="FARM_NAME!= null">FARM_NAME=#{FARM_NAME},</if>
<if test="ADDRESS!= null">ADDRESS=#{ADDRESS},</if>
<if test="HP1!= null">HP1=#{HP1},</if>
<if test="HP2!= null">HP2=#{HP2},</if>
<if test="HP3!= null">HP3=#{HP3},</if>
<if test="PHONE1!= null">PHONE1=#{PHONE1},</if>
<if test="PHONE2!= null">PHONE2=#{PHONE2},</if>
<if test="PHONE3!= null">PHONE3=#{PHONE3},</if>
<if test="EMAIL!= null">EMAIL=#{EMAIL},</if>
<if test="NAME!= null">NAME=#{NAME},</if>
<if test="MC!= null">MC=#{MC},</if>
<if test="CMONEY!= null">CMONEY=#{CMONEY},</if>
<if test="CHC!= null">CHC=#{CHC},</if>
<if test="CAREER!= null">CAREER=#{CAREER},</if>
<if test="DIARRHEA!= null">DIARRHEA=#{DIARRHEA},</if>
<if test="DIARRHEADO!= null">DIARRHEADO=#{DIARRHEADO},</if>
<if test="CHCDIE!= null">CHCDIE=#{CHCDIE},</if>
<if test="CHCYN!= null">CHCYN=#{CHCYN},</if>
<if test="KMKC!= null">KMKC=#{KMKC},</if>
<if test="KMPI!= null">KMPI=#{KMPI},</if>
<if test="KMMC!= null">KMMC=#{KMMC},</if>
<if test="KMETC!= null">KMETC=#{KMETC},</if>
<if test="YEAR!= null">YEAR=#{YEAR},</if>
<if test="DISINFECTANT!= null">DISINFECTANT=#{DISINFECTANT},</if>
<if test="TEMP!= null">TEMP=#{TEMP},</if>
<if test="HUMIDITY!= null">HUMIDITY=#{HUMIDITY},</if>
<if test="ILLUMINANCE!= null">ILLUMINANCE=#{ILLUMINANCE},</if>
<if test="WIND!= null">WIND=#{WIND},</if>
<if test="JANITOR!= null">JANITOR=#{JANITOR},</if>
<if test="VETERINARIAN!= null">VETERINARIAN=#{VETERINARIAN},</if>
<if test="CU_NUM!= null">CU_NUM=#{CU_NUM},</if>
<if test="ADDRESS1!= null">ADDRESS1=#{ADDRESS1},</if>
<if test="ADDRESS2!= null">ADDRESS2=#{ADDRESS2},</if>
<if test="ADDRESS3!= null">ADDRESS3=#{ADDRESS3},</if>
UPDATEDATE = to_date(SYSDATE, 'YY-MM-DD HH24:MI:SS') 
WHERE 
FARM_ID=#{FARM_ID}
	 
</update>
<!-- 목장자료 - 기존 목장 DELETE -->
<delete id="ajaxnewfarmDelete" parameterType="String">
	DELETE FROM rda_test.Newfarm 
	WHERE 
		farm_id = #{farmId}
</delete>






<!-- 목장자료 - 신규 목장 COUNT -->
<select id="selectNewFarmCount" parameterType="Map" resultType="int">
	SELECT
		COUNT(farm_id)
	FROM
		RDA_TEST.NEWFARM
	<if test="searchValue != null and searchValue != '' and searchValue != 'none'">
	WHERE
		<choose>
			<when test="searchOption =='fname'">
				farm_name LIKE '%'||#{searchValue}||'%'
			</when>
			<when test="searchOption =='name'">
				name LIKE '%'||#{searchValue}||'%'
			</when>
		</choose>
	</if>
</select>
<!-- 목장자료 - 신규 목장 LIST-->
<select id="selectNewFarmList" parameterType="Map" resultMap="newfarmListResultMap">
	SELECT
		*
	FROM ( 
   			SELECT 
   				rownum as rnum, 
   				A.*
    		FROM (
        			SELECT
        				*
       				FROM 
       					RDA_TEST.NEWFARM
   					<if test="searchValue != null and searchValue != '' and searchValue != 'none'">
					WHERE
						<choose>
							<when test="searchOption =='fname'">
								 file_name LIKE '%'||#{searchValue}||'%'
							</when>
							<when test="searchOption =='name'">
								 name LIKE '%'||#{searchValue}||'%'
							</when>
						</choose>
					</if>
        			ORDER BY
        				inputdate DESC
      			) A
    		WHERE 
    			rownum &lt;= #{endRow}
 		) B
	WHERE
		B.rnum &gt;= #{beginRow}
</select>
<!-- 목장자료 - 기존 목장 EXCEL LIST -->
<select id="selectNewFarmExcel" resultType="com.kis.rda.farm.domain.NewFarm">
	SELECT
		*
	FROM 
		RDA_TEST.NEWFARM 
	ORDER BY
		farm_id ASC
</select>

<!-- 주소로 위경도 구하기위해 목장값 셀렉트  -->
<select id="selectFarmMapAll" parameterType="Map" resultType="com.kis.rda.farm.domain.FarmMap">
	SELECT
		*
	FROM
		RDA_TEST.FARMMAP
	WHERE
		farm_no > #{startNo}
	AND
		farm_no &lt; #{endNo}
	<if test="!farmDo.equals('전체')">
	AND
		farm_do = #{farmDo}
	</if>
	
</select>

<!-- 구한 위경도값 db업데이트 -->
<update id="updateLatLng" parameterType="com.kis.rda.farm.domain.FarmMap">
	UPDATE
		RDA_TEST.FARMMAP
	SET
		<if test="farmLat != null and farmLat != ''">
			FARM_LAT = #{farmLat},
			FARM_LNG = #{farmLng}
		</if>
	WHERE
		FARM_NO = #{farmNo}
</update>
</mapper>