<?xml version="1.0" encoding="UTF-8"?>
<!DOCTYPE mapper
  PUBLIC "-//mybatis.org//DTD Mapper 3.0//EN"
  "http://mybatis.org/dtd/mybatis-3-mapper.dtd">
<mapper namespace="MhDao">
<resultMap id="mhListResultMap" type="com.kis.rda.common.domain.Medicalhistory">
   <result property="ENTITY_ID" column="ENTITY_ID"  javaType="java.lang.String" />									
   <result property="CURE_DATE" column="CURE_DATE"  javaType="java.lang.String" />									
   <result property="OCCUR_DATE" column="OCCUR_DATE"  javaType="java.lang.String" />									
   <result property="DISEASE" column="DISEASE"  javaType="java.lang.String" />									
   <result property="PRESCRIBE" column="PRESCRIBE"  javaType="java.lang.String" />									
   <result property="RECOVERY_DATE" column="RECOVERY_DATE"  javaType="java.lang.String" />									
   <result property="INPUTDATE" column="INPUTDATE"  javaType="java.lang.String" />									
   <result property="UPDATEDATE" column="UPDATEDATE"  javaType="java.lang.String" />	
 <result property="SEQNO" column="SEQNO"  javaType="java.lang.String" />
 					
   				 
   </resultMap>
   
<select id="ajaxmhEntityListDetail" parameterType="com.kis.rda.common.domain.Medicalhistory" resultMap="mhListResultMap">
SELECT rownum as rnum,
a.*
 FROM RDA_TEST.MEDICALHISTORY  a 
 WHERE ENTITY_ID = #{ENTITY_ID}	
</select>

<select id="mhEntitySelectOneBeforeUpdate" parameterType="String" resultMap="mhListResultMap">
SELECT rownum as rnum,
a.*
 FROM RDA_TEST.MEDICALHISTORY  a 
 WHERE SEQNO = #{SEQNO}	
</select>

 <select id="mhEntityInsertSelectOne" parameterType="String" resultType="String">
	select (#{farm_id})|| CASE
        WHEN LPAD((max(substr(entity_id,4,6))+1),3,'0') is null THEN '001'   
        ELSE LPAD((max(substr(entity_id,4,6))+1),3,'0')                                                    
    END 
	from 
	 rda_test.MEDICALHISTORY
    where
     substr(entity_id,0,3)=#{farm_id}
</select>

<insert id="ajaxmhEntityInsertDo" parameterType="com.kis.rda.common.domain.Medicalhistory">
INSERT INTO rda_test.MEDICALHISTORY(		
SEQNO,
	ENTITY_ID,	
	<if test="CURE_DATE!= null">CURE_DATE,</if>	
	<if test="OCCUR_DATE!= null">OCCUR_DATE,</if>	
	<if test="DISEASE!= null">DISEASE,</if>	
	<if test="PRESCRIBE!= null">PRESCRIBE,</if>	
	<if test="RECOVERY_DATE!= null">RECOVERY_DATE,</if>	
	INPUTDATE	
	)	
	VALUES(	
	rda_test.SEQ_MEDICALHISTORY.nextval	,
		#{ENTITY_ID}	,	
	<if test="CURE_DATE!= null">#{CURE_DATE},</if>	
	<if test="OCCUR_DATE!= null">#{OCCUR_DATE},</if>	
	<if test="DISEASE!= null">#{DISEASE},</if>	
	<if test="PRESCRIBE!= null">#{PRESCRIBE},</if>	
	<if test="RECOVERY_DATE!= null">#{RECOVERY_DATE},</if>		
		 to_date(SYSDATE, 'YY-MM-DD HH24:MI:SS') 
	)	


</insert>


<update id="ajaxmhEntityUpdatetDo" parameterType="com.kis.rda.common.domain.Medicalhistory"  >				
 	
UPDATE rda_test.MEDICALHISTORY			
SET			
			
<if test="CURE_DATE!= null">CURE_DATE=#{CURE_DATE},</if>			
<if test="OCCUR_DATE!= null">OCCUR_DATE=#{OCCUR_DATE},</if>			
<if test="DISEASE!= null">DISEASE=#{DISEASE},</if>			
<if test="PRESCRIBE!= null">PRESCRIBE=#{PRESCRIBE},</if>			
<if test="RECOVERY_DATE!= null">RECOVERY_DATE=#{RECOVERY_DATE},</if>		
					
UPDATEDATE = to_date(SYSDATE, 'YY-MM-DD HH24:MI:SS') 			 		
WHERE 					
SEQNO=#{SEQNO}					
	
</update>				
 <delete id="ajaxmhEntityDeleteDo" parameterType="String">
	DELETE FROM rda_test.MEDICALHISTORY 
	WHERE 
		SEQNO = #{seqno}
</delete>
 

 
</mapper>