<?xml version="1.0" encoding="UTF-8"?>
<!DOCTYPE mapper
  PUBLIC "-//mybatis.org//DTD Mapper 3.0//EN"
  "http://mybatis.org/dtd/mybatis-3-mapper.dtd">
<mapper namespace="QuDao">



<insert id="quresearchInput" parameterType="com.kis.rda.farm.domain.QuResearch">
	INSERT INTO rda_test.SURVEY (       SEQNO,Q1, Q2 , Q3, Q4, Q5, Q6, Q7, Q8, Q9, Q10, Q11, Q12, Q13, Q14, Q15, Q16, Q17, Q18, Q19, Q20, Q21, Q22, Q23, Q24, Q25, Q26, Q27, Q_DATE, FNAME, NAME)
VALUES(rda_test.SEQ_SURVEY.nextval	,
#{Q1},
#{Q2},
#{Q3},
#{Q4},
#{Q5},
#{Q6},
#{Q7},
#{Q8},
#{Q9},
#{Q10},
#{Q11},
#{Q12},
#{Q13},
#{Q14},
#{Q15},
#{Q16},
#{Q17},
#{Q18},
#{Q19},
#{Q20},
#{Q21},
#{Q22},
#{Q23},
#{Q24},
#{Q25},
#{Q26},
#{Q27},
#{Q_DATE},
#{FNAME},
#{NAME})

</insert>







<!-- 목장자료 - 기존 목장 COUNT -->
<select id="selectFarmCount" parameterType="Map" resultType="int">
	SELECT
		COUNT(farm_id)
	FROM
		RDA_TEST.FARM
	<if test="searchValue != null and searchValue != '' and searchValue != 'none'">
	WHERE
		<choose>
			<when test="searchOption =='fname'">
				fname LIKE '%'||#{searchValue}||'%'
			</when>
			<when test="searchOption =='name'">
				name LIKE '%'||#{searchValue}||'%'
			</when>
		</choose>
	</if>
</select>
<!-- 목장자료 - 기존 목장 LIST-->
<select id="selectFarmList" parameterType="Map" resultType="com.kis.rda.farm.domain.Farm">
	SELECT
		*
	FROM ( 
   			SELECT 
   				rownum as rnum, 
   				A.*
    		FROM (
        			SELECT
        				*
       				FROM 
       					RDA_TEST.FARM
   					<if test="searchValue != null and searchValue != '' and searchValue != 'none'">
					WHERE
						<choose>
							<when test="searchOption =='fname'">
								 fname LIKE '%'||#{searchValue}||'%'
							</when>
							<when test="searchOption =='name'">
								 name LIKE '%'||#{searchValue}||'%'
							</when>
						</choose>
					</if>
        			ORDER BY
        				inputdate DESC
      			) A
    		WHERE 
    			rownum &lt;= #{endRow}
 		) B
	WHERE
		B.rnum &gt;= #{beginRow}
</select>
<!-- 목장자료 - 기존 목장 EXCEL LIST -->
<select id="selectFarmExcel" resultType="com.kis.rda.farm.domain.Farm">
	SELECT
		*
	FROM 
		RDA_TEST.FARM 
	ORDER BY
		farm_id ASC
</select>
<!-- 목장 추가를 위한 ID값 SELECT -->
<select id="selectFarmNewId" resultType="int">
	SELECT 
		NVL(max(farm_id),0)+1
	FROM 
		RDA_TEST.FARM
</select>
<!-- 목장 추가 -->
<insert id="insertFarm" parameterType="com.kis.rda.farm.domain.Farm">
	INSERT INTO rda_test.farm (
		farm_id, 
		address, 
		fname, 
		phone1, 
		email, 
		kc, 
		mc, 
		calf, 
		hp1, 
		name, 
		phone2, 
		phone3, 
		hp2, 
		hp3
	) 
	VALUES(
		#{farmId},
		#{address},
		#{fname},
		#{phone1},
		#{email},
		#{kc},
		#{mc},
		#{calf},
		#{hp1},
		#{name},
		#{phone2},
		#{phone3},
		#{hp2},
		#{hp3}
	)	
</insert>
<!-- 목장자료 - 기존 목장 DETAIL -->
<select id="selectFarmDetail" parameterType="String" resultType="com.kis.rda.farm.domain.Farm">
	SELECT
		*
	FROM
		RDA_TEST.FARM
	WHERE
		farm_id = #{farmId}
</select>
<!-- 목장자료 - 기존 목장 UPDATE -->
<update id="updateFarm" parameterType="com.kis.rda.farm.domain.Farm">
	UPDATE rda_test.farm 
	SET
		fname = #{fname},
		address = #{address},
		phone1 = #{phone1},
		kc = #{kc},
		mc = #{mc},
		calf = #{calf},
		hp1 = #{hp1},
		name = #{name},
		phone2 = #{phone2},
		phone3 = #{phone3},
		hp2 = #{hp2},
		hp3 = #{hp3},
		updatedate = to_date(SYSDATE, 'YY-MM-DD HH24:MI:SS') 
	WHERE 
		farm_id = #{farmId}
</update>
<!-- 목장자료 - 기존 목장 DELETE -->
<delete id="deleteFarm" parameterType="String">
	DELETE FROM rda_test.farm 
	WHERE 
		farm_id = #{farmId}
</delete>

<!-- 목장자료 - 신규 목장 COUNT -->
<select id="selectNewFarmCount" parameterType="Map" resultType="int">
	SELECT
		COUNT(farm_id)
	FROM
		RDA_TEST.NEWFARM
	<if test="searchValue != null and searchValue != '' and searchValue != 'none'">
	WHERE
		<choose>
			<when test="searchOption =='fname'">
				farm_name LIKE '%'||#{searchValue}||'%'
			</when>
			<when test="searchOption =='name'">
				name LIKE '%'||#{searchValue}||'%'
			</when>
		</choose>
	</if>
</select>
<!-- 목장자료 - 신규 목장 LIST-->
<select id="selectNewFarmList" parameterType="Map" resultType="com.kis.rda.farm.domain.NewFarm">
	SELECT
		*
	FROM ( 
   			SELECT 
   				rownum as rnum, 
   				A.*
    		FROM (
        			SELECT
        				*
       				FROM 
       					RDA_TEST.NEWFARM
   					<if test="searchValue != null and searchValue != '' and searchValue != 'none'">
					WHERE
						<choose>
							<when test="searchOption =='fname'">
								 file_name LIKE '%'||#{searchValue}||'%'
							</when>
							<when test="searchOption =='name'">
								 name LIKE '%'||#{searchValue}||'%'
							</when>
						</choose>
					</if>
        			ORDER BY
        				inputdate DESC
      			) A
    		WHERE 
    			rownum &lt;= #{endRow}
 		) B
	WHERE
		B.rnum &gt;= #{beginRow}
</select>
<!-- 목장자료 - 기존 목장 EXCEL LIST -->
<select id="selectNewFarmExcel" resultType="com.kis.rda.farm.domain.NewFarm">
	SELECT
		*
	FROM 
		RDA_TEST.NEWFARM 
	ORDER BY
		farm_id ASC
</select>
</mapper>